country,year,sentiment_score,article_count
Canada,2017,-0.0282885,100
Canada,2018,-0.1845545476190476,100
Malaysia,2017,-0.04500489393939394,100
Malaysia,2018,-0.007873166666666667,100
