country,year,sentiment_score,article_count
Iraq,2017,-0.07046483333333335,100
Iraq,2018,-0.021974289393939393,999
Iraq,2019,-0.009823524317968764,997
Iraq,2020,-0.02194015909090909,1000
Iraq,2021,-0.05118247952136841,999
Iraq,2022,-0.016833089393939397,1000
Iraq,2023,-0.04492510337650759,996
